fragment.ID,surf.area.cm2,volume
D,13.60750853,635
E,15.31399317,650
N,14.125,655
R,12.58361775,645
T,16.04807692,645
U,19.41346154,655
BLANK1,,660
BLANK2,,640
