Pmax.gross,Pmax.net,V3,AQY,Ik,Ic
1.764653690629546,1.2380682509258247,-0.5265854397037213,0.004862965511842581,362.87604473693204,108.28483945060876
